"(x, y)",Year,Month,Town,Block,Floor_Area,Flat_Model,Lease_Commence_Date,Price_Per_Square_Meter
"(1, 80)",2022,01,BUKIT PANJANG,449,102,Model A,1997,3608
"(1, 81)",2022,01,BUKIT PANJANG,449,102,Model A,1997,3608
"(1, 82)",2022,01,BUKIT PANJANG,449,102,Model A,1997,3608
"(1, 83)",2022,01,BUKIT PANJANG,449,102,Model A,1997,3608
"(1, 84)",2022,01,BUKIT PANJANG,449,102,Model A,1997,3608
"(1, 85)",2022,01,BUKIT PANJANG,449,102,Model A,1997,3608
"(1, 86)",2022,01,BUKIT PANJANG,449,102,Model A,1997,3608
"(1, 87)",2022,01,BUKIT PANJANG,449,102,Model A,1997,3608
"(1, 88)",2022,01,BUKIT PANJANG,449,102,Model A,1997,3608
"(1, 89)",2022,01,BUKIT PANJANG,449,102,Model A,1997,3608
"(1, 90)",2022,01,BUKIT PANJANG,449,102,Model A,1997,3608
"(1, 91)",2022,01,BUKIT PANJANG,449,102,Model A,1997,3608
"(1, 92)",2022,01,BUKIT PANJANG,449,102,Model A,1997,3608
"(1, 93)",2022,01,BUKIT PANJANG,449,102,Model A,1997,3608
"(1, 94)",2022,01,BUKIT PANJANG,449,102,Model A,1997,3608
"(1, 95)",2022,01,BUKIT PANJANG,449,102,Model A,1997,3608
"(1, 96)",2022,01,BUKIT PANJANG,449,102,Model A,1997,3608
"(1, 97)",2022,01,BUKIT PANJANG,449,102,Model A,1997,3608
"(1, 98)",2022,01,BUKIT PANJANG,449,102,Model A,1997,3608
"(1, 99)",2022,01,BUKIT PANJANG,449,102,Model A,1997,3608
"(1, 100)",2022,01,BUKIT PANJANG,449,102,Model A,1997,3608
"(1, 101)",2022,01,BUKIT PANJANG,449,102,Model A,1997,3608
"(1, 102)",2022,01,BUKIT PANJANG,449,102,Model A,1997,3608
"(1, 103)",2022,01,CHOA CHU KANG,12,119,Improved,1979,3782
"(1, 104)",2022,01,CHOA CHU KANG,12,119,Improved,1979,3782
"(1, 105)",2022,01,CHOA CHU KANG,12,119,Improved,1979,3782
"(1, 106)",2022,01,CHOA CHU KANG,12,119,Improved,1979,3782
"(1, 107)",2022,01,CHOA CHU KANG,12,119,Improved,1979,3782
"(1, 108)",2022,01,CHOA CHU KANG,12,119,Improved,1979,3782
"(1, 109)",2022,01,CHOA CHU KANG,12,119,Improved,1979,3782
"(1, 110)",2022,01,CHOA CHU KANG,12,119,Improved,1979,3782
"(1, 111)",2022,01,CHOA CHU KANG,12,119,Improved,1979,3782
"(1, 112)",2022,01,CHOA CHU KANG,12,119,Improved,1979,3782
"(1, 113)",2022,01,CHOA CHU KANG,12,119,Improved,1979,3782
"(1, 114)",2022,01,CHOA CHU KANG,12,119,Improved,1979,3782
"(1, 115)",2022,01,CHOA CHU KANG,12,119,Improved,1979,3782
"(1, 116)",2022,01,CHOA CHU KANG,12,119,Improved,1979,3782
"(1, 117)",2022,01,CHOA CHU KANG,12,119,Improved,1979,3782
"(1, 118)",2022,01,CHOA CHU KANG,12,119,Improved,1979,3782
"(1, 119)",2022,01,CHOA CHU KANG,12,119,Improved,1979,3782
"(1, 120)",2022,01,BUKIT PANJANG,474,128,Premium Apartment,2003,3906
"(1, 121)",2022,01,BUKIT PANJANG,474,128,Premium Apartment,2003,3906
"(1, 122)",2022,01,BUKIT PANJANG,474,128,Premium Apartment,2003,3906
"(1, 123)",2022,01,BUKIT PANJANG,474,128,Premium Apartment,2003,3906
"(1, 124)",2022,01,BUKIT PANJANG,474,128,Premium Apartment,2003,3906
"(1, 125)",2022,01,BUKIT PANJANG,474,128,Premium Apartment,2003,3906
"(1, 126)",2022,01,BUKIT PANJANG,474,128,Premium Apartment,2003,3906
"(1, 127)",2022,01,BUKIT PANJANG,474,128,Premium Apartment,2003,3906
"(1, 128)",2022,01,BUKIT PANJANG,474,128,Premium Apartment,2003,3906
"(1, 129)",2022,01,CHOA CHU KANG,542,131,Model A,1995,4008
"(1, 130)",2022,01,CHOA CHU KANG,542,131,Model A,1995,4008
"(1, 131)",2022,01,CHOA CHU KANG,542,131,Model A,1995,4008
"(1, 132)",2022,01,CHOA CHU KANG,507,134,Model A,1994,4015
"(1, 133)",2022,01,CHOA CHU KANG,507,134,Model A,1994,4015
"(1, 134)",2022,01,CHOA CHU KANG,507,134,Model A,1994,4015
"(1, 135)",2022,01,CHOA CHU KANG,453,142,Premium Apartment,2000,4225
"(1, 136)",2022,01,CHOA CHU KANG,453,142,Premium Apartment,2000,4225
"(1, 137)",2022,01,CHOA CHU KANG,453,142,Premium Apartment,2000,4225
"(1, 138)",2022,01,CHOA CHU KANG,453,142,Premium Apartment,2000,4225
"(1, 139)",2022,01,CHOA CHU KANG,453,142,Premium Apartment,2000,4225
"(1, 140)",2022,01,CHOA CHU KANG,453,142,Premium Apartment,2000,4225
"(1, 141)",2022,01,CHOA CHU KANG,453,142,Premium Apartment,2000,4225
"(1, 142)",2022,01,CHOA CHU KANG,453,142,Premium Apartment,2000,4225
"(1, 143)",2022,01,CHOA CHU KANG,274,148,Apartment,1993,4257
"(1, 144)",2022,01,CHOA CHU KANG,274,148,Apartment,1993,4257
"(1, 145)",2022,01,CHOA CHU KANG,274,148,Apartment,1993,4257
"(1, 146)",2022,01,CHOA CHU KANG,274,148,Apartment,1993,4257
"(1, 147)",2022,01,CHOA CHU KANG,274,148,Apartment,1993,4257
"(1, 148)",2022,01,CHOA CHU KANG,274,148,Apartment,1993,4257
"(1, 149)",2022,01,CHOA CHU KANG,108,154,Maisonette,1989,4351
"(1, 150)",2022,01,CHOA CHU KANG,108,154,Maisonette,1989,4351
"(2, 80)",2022,02,CHOA CHU KANG,26,89,New Generation,1979,3539
"(2, 81)",2022,02,CHOA CHU KANG,26,89,New Generation,1979,3539
"(2, 82)",2022,02,CHOA CHU KANG,26,89,New Generation,1979,3539
"(2, 83)",2022,02,CHOA CHU KANG,26,89,New Generation,1979,3539
"(2, 84)",2022,02,CHOA CHU KANG,26,89,New Generation,1979,3539
"(2, 85)",2022,02,CHOA CHU KANG,26,89,New Generation,1979,3539
"(2, 86)",2022,02,CHOA CHU KANG,26,89,New Generation,1979,3539
"(2, 87)",2022,02,CHOA CHU KANG,26,89,New Generation,1979,3539
"(2, 88)",2022,02,CHOA CHU KANG,26,89,New Generation,1979,3539
"(2, 89)",2022,02,CHOA CHU KANG,26,89,New Generation,1979,3539
"(2, 90)",2022,01,BUKIT PANJANG,449,102,Model A,1997,3608
"(2, 91)",2022,01,BUKIT PANJANG,449,102,Model A,1997,3608
"(2, 92)",2022,01,BUKIT PANJANG,449,102,Model A,1997,3608
"(2, 93)",2022,01,BUKIT PANJANG,449,102,Model A,1997,3608
"(2, 94)",2022,01,BUKIT PANJANG,449,102,Model A,1997,3608
"(2, 95)",2022,01,BUKIT PANJANG,449,102,Model A,1997,3608
"(2, 96)",2022,01,BUKIT PANJANG,449,102,Model A,1997,3608
"(2, 97)",2022,01,BUKIT PANJANG,449,102,Model A,1997,3608
"(2, 98)",2022,01,BUKIT PANJANG,449,102,Model A,1997,3608
"(2, 99)",2022,01,BUKIT PANJANG,449,102,Model A,1997,3608
"(2, 100)",2022,01,BUKIT PANJANG,449,102,Model A,1997,3608
"(2, 101)",2022,01,BUKIT PANJANG,449,102,Model A,1997,3608
"(2, 102)",2022,01,BUKIT PANJANG,449,102,Model A,1997,3608
"(2, 103)",2022,01,CHOA CHU KANG,12,119,Improved,1979,3782
"(2, 104)",2022,01,CHOA CHU KANG,12,119,Improved,1979,3782
"(2, 105)",2022,01,CHOA CHU KANG,12,119,Improved,1979,3782
"(2, 106)",2022,01,CHOA CHU KANG,12,119,Improved,1979,3782
"(2, 107)",2022,01,CHOA CHU KANG,12,119,Improved,1979,3782
"(2, 108)",2022,01,CHOA CHU KANG,12,119,Improved,1979,3782
"(2, 109)",2022,01,CHOA CHU KANG,12,119,Improved,1979,3782
"(2, 110)",2022,01,CHOA CHU KANG,12,119,Improved,1979,3782
"(2, 111)",2022,01,CHOA CHU KANG,12,119,Improved,1979,3782
"(2, 112)",2022,01,CHOA CHU KANG,12,119,Improved,1979,3782
"(2, 113)",2022,01,CHOA CHU KANG,12,119,Improved,1979,3782
"(2, 114)",2022,01,CHOA CHU KANG,12,119,Improved,1979,3782
"(2, 115)",2022,01,CHOA CHU KANG,12,119,Improved,1979,3782
"(2, 116)",2022,01,CHOA CHU KANG,12,119,Improved,1979,3782
"(2, 117)",2022,01,CHOA CHU KANG,12,119,Improved,1979,3782
"(2, 118)",2022,01,CHOA CHU KANG,12,119,Improved,1979,3782
"(2, 119)",2022,01,CHOA CHU KANG,12,119,Improved,1979,3782
"(2, 120)",2022,01,BUKIT PANJANG,474,128,Premium Apartment,2003,3906
"(2, 121)",2022,01,BUKIT PANJANG,474,128,Premium Apartment,2003,3906
"(2, 122)",2022,01,BUKIT PANJANG,474,128,Premium Apartment,2003,3906
"(2, 123)",2022,01,BUKIT PANJANG,474,128,Premium Apartment,2003,3906
"(2, 124)",2022,01,BUKIT PANJANG,474,128,Premium Apartment,2003,3906
"(2, 125)",2022,01,BUKIT PANJANG,474,128,Premium Apartment,2003,3906
"(2, 126)",2022,01,BUKIT PANJANG,474,128,Premium Apartment,2003,3906
"(2, 127)",2022,01,BUKIT PANJANG,474,128,Premium Apartment,2003,3906
"(2, 128)",2022,01,BUKIT PANJANG,474,128,Premium Apartment,2003,3906
"(2, 129)",2022,02,CHOA CHU KANG,509,132,Model A,1995,4000
"(2, 130)",2022,02,CHOA CHU KANG,509,132,Model A,1995,4000
"(2, 131)",2022,02,CHOA CHU KANG,509,132,Model A,1995,4000
"(2, 132)",2022,02,CHOA CHU KANG,509,132,Model A,1995,4000
"(2, 133)",2022,01,CHOA CHU KANG,507,134,Model A,1994,4015
"(2, 134)",2022,01,CHOA CHU KANG,507,134,Model A,1994,4015
"(2, 135)",2022,01,CHOA CHU KANG,453,142,Premium Apartment,2000,4225
"(2, 136)",2022,01,CHOA CHU KANG,453,142,Premium Apartment,2000,4225
"(2, 137)",2022,01,CHOA CHU KANG,453,142,Premium Apartment,2000,4225
"(2, 138)",2022,01,CHOA CHU KANG,453,142,Premium Apartment,2000,4225
"(2, 139)",2022,01,CHOA CHU KANG,453,142,Premium Apartment,2000,4225
"(2, 140)",2022,01,CHOA CHU KANG,453,142,Premium Apartment,2000,4225
"(2, 141)",2022,01,CHOA CHU KANG,453,142,Premium Apartment,2000,4225
"(2, 142)",2022,01,CHOA CHU KANG,453,142,Premium Apartment,2000,4225
"(2, 143)",2022,01,CHOA CHU KANG,274,148,Apartment,1993,4257
"(2, 144)",2022,01,CHOA CHU KANG,274,148,Apartment,1993,4257
"(2, 145)",2022,01,CHOA CHU KANG,274,148,Apartment,1993,4257
"(2, 146)",2022,01,CHOA CHU KANG,274,148,Apartment,1993,4257
"(2, 147)",2022,01,CHOA CHU KANG,274,148,Apartment,1993,4257
"(2, 148)",2022,01,CHOA CHU KANG,274,148,Apartment,1993,4257
"(2, 149)",2022,01,CHOA CHU KANG,108,154,Maisonette,1989,4351
"(2, 150)",2022,01,CHOA CHU KANG,108,154,Maisonette,1989,4351
"(3, 80)",2022,02,CHOA CHU KANG,26,89,New Generation,1979,3539
"(3, 81)",2022,02,CHOA CHU KANG,26,89,New Generation,1979,3539
"(3, 82)",2022,02,CHOA CHU KANG,26,89,New Generation,1979,3539
"(3, 83)",2022,02,CHOA CHU KANG,26,89,New Generation,1979,3539
"(3, 84)",2022,02,CHOA CHU KANG,26,89,New Generation,1979,3539
"(3, 85)",2022,02,CHOA CHU KANG,26,89,New Generation,1979,3539
"(3, 86)",2022,02,CHOA CHU KANG,26,89,New Generation,1979,3539
"(3, 87)",2022,02,CHOA CHU KANG,26,89,New Generation,1979,3539
"(3, 88)",2022,02,CHOA CHU KANG,26,89,New Generation,1979,3539
"(3, 89)",2022,02,CHOA CHU KANG,26,89,New Generation,1979,3539
"(3, 90)",2022,01,BUKIT PANJANG,449,102,Model A,1997,3608
"(3, 91)",2022,01,BUKIT PANJANG,449,102,Model A,1997,3608
"(3, 92)",2022,01,BUKIT PANJANG,449,102,Model A,1997,3608
"(3, 93)",2022,01,BUKIT PANJANG,449,102,Model A,1997,3608
"(3, 94)",2022,01,BUKIT PANJANG,449,102,Model A,1997,3608
"(3, 95)",2022,01,BUKIT PANJANG,449,102,Model A,1997,3608
"(3, 96)",2022,01,BUKIT PANJANG,449,102,Model A,1997,3608
"(3, 97)",2022,01,BUKIT PANJANG,449,102,Model A,1997,3608
"(3, 98)",2022,01,BUKIT PANJANG,449,102,Model A,1997,3608
"(3, 99)",2022,01,BUKIT PANJANG,449,102,Model A,1997,3608
"(3, 100)",2022,01,BUKIT PANJANG,449,102,Model A,1997,3608
"(3, 101)",2022,01,BUKIT PANJANG,449,102,Model A,1997,3608
"(3, 102)",2022,01,BUKIT PANJANG,449,102,Model A,1997,3608
"(3, 103)",2022,01,CHOA CHU KANG,12,119,Improved,1979,3782
"(3, 104)",2022,01,CHOA CHU KANG,12,119,Improved,1979,3782
"(3, 105)",2022,01,CHOA CHU KANG,12,119,Improved,1979,3782
"(3, 106)",2022,01,CHOA CHU KANG,12,119,Improved,1979,3782
"(3, 107)",2022,01,CHOA CHU KANG,12,119,Improved,1979,3782
"(3, 108)",2022,01,CHOA CHU KANG,12,119,Improved,1979,3782
"(3, 109)",2022,01,CHOA CHU KANG,12,119,Improved,1979,3782
"(3, 110)",2022,01,CHOA CHU KANG,12,119,Improved,1979,3782
"(3, 111)",2022,01,CHOA CHU KANG,12,119,Improved,1979,3782
"(3, 112)",2022,01,CHOA CHU KANG,12,119,Improved,1979,3782
"(3, 113)",2022,01,CHOA CHU KANG,12,119,Improved,1979,3782
"(3, 114)",2022,01,CHOA CHU KANG,12,119,Improved,1979,3782
"(3, 115)",2022,01,CHOA CHU KANG,12,119,Improved,1979,3782
"(3, 116)",2022,01,CHOA CHU KANG,12,119,Improved,1979,3782
"(3, 117)",2022,01,CHOA CHU KANG,12,119,Improved,1979,3782
"(3, 118)",2022,01,CHOA CHU KANG,12,119,Improved,1979,3782
"(3, 119)",2022,01,CHOA CHU KANG,12,119,Improved,1979,3782
"(3, 120)",2022,01,BUKIT PANJANG,474,128,Premium Apartment,2003,3906
"(3, 121)",2022,01,BUKIT PANJANG,474,128,Premium Apartment,2003,3906
"(3, 122)",2022,01,BUKIT PANJANG,474,128,Premium Apartment,2003,3906
"(3, 123)",2022,01,BUKIT PANJANG,474,128,Premium Apartment,2003,3906
"(3, 124)",2022,01,BUKIT PANJANG,474,128,Premium Apartment,2003,3906
"(3, 125)",2022,01,BUKIT PANJANG,474,128,Premium Apartment,2003,3906
"(3, 126)",2022,01,BUKIT PANJANG,474,128,Premium Apartment,2003,3906
"(3, 127)",2022,01,BUKIT PANJANG,474,128,Premium Apartment,2003,3906
"(3, 128)",2022,01,BUKIT PANJANG,474,128,Premium Apartment,2003,3906
"(3, 129)",2022,02,CHOA CHU KANG,509,132,Model A,1995,4000
"(3, 130)",2022,02,CHOA CHU KANG,509,132,Model A,1995,4000
"(3, 131)",2022,02,CHOA CHU KANG,509,132,Model A,1995,4000
"(3, 132)",2022,02,CHOA CHU KANG,509,132,Model A,1995,4000
"(3, 133)",2022,01,CHOA CHU KANG,507,134,Model A,1994,4015
"(3, 134)",2022,01,CHOA CHU KANG,507,134,Model A,1994,4015
"(3, 135)",2022,01,CHOA CHU KANG,453,142,Premium Apartment,2000,4225
"(3, 136)",2022,01,CHOA CHU KANG,453,142,Premium Apartment,2000,4225
"(3, 137)",2022,01,CHOA CHU KANG,453,142,Premium Apartment,2000,4225
"(3, 138)",2022,01,CHOA CHU KANG,453,142,Premium Apartment,2000,4225
"(3, 139)",2022,01,CHOA CHU KANG,453,142,Premium Apartment,2000,4225
"(3, 140)",2022,01,CHOA CHU KANG,453,142,Premium Apartment,2000,4225
"(3, 141)",2022,01,CHOA CHU KANG,453,142,Premium Apartment,2000,4225
"(3, 142)",2022,01,CHOA CHU KANG,453,142,Premium Apartment,2000,4225
"(3, 143)",2022,01,CHOA CHU KANG,274,148,Apartment,1993,4257
"(3, 144)",2022,01,CHOA CHU KANG,274,148,Apartment,1993,4257
"(3, 145)",2022,01,CHOA CHU KANG,274,148,Apartment,1993,4257
"(3, 146)",2022,01,CHOA CHU KANG,274,148,Apartment,1993,4257
"(3, 147)",2022,01,CHOA CHU KANG,274,148,Apartment,1993,4257
"(3, 148)",2022,01,CHOA CHU KANG,274,148,Apartment,1993,4257
"(3, 149)",2022,01,CHOA CHU KANG,108,154,Maisonette,1989,4351
"(3, 150)",2022,01,CHOA CHU KANG,108,154,Maisonette,1989,4351
"(4, 80)",2022,02,CHOA CHU KANG,26,89,New Generation,1979,3539
"(4, 81)",2022,02,CHOA CHU KANG,26,89,New Generation,1979,3539
"(4, 82)",2022,02,CHOA CHU KANG,26,89,New Generation,1979,3539
"(4, 83)",2022,02,CHOA CHU KANG,26,89,New Generation,1979,3539
"(4, 84)",2022,02,CHOA CHU KANG,26,89,New Generation,1979,3539
"(4, 85)",2022,02,CHOA CHU KANG,26,89,New Generation,1979,3539
"(4, 86)",2022,02,CHOA CHU KANG,26,89,New Generation,1979,3539
"(4, 87)",2022,02,CHOA CHU KANG,26,89,New Generation,1979,3539
"(4, 88)",2022,02,CHOA CHU KANG,26,89,New Generation,1979,3539
"(4, 89)",2022,02,CHOA CHU KANG,26,89,New Generation,1979,3539
"(4, 90)",2022,01,BUKIT PANJANG,449,102,Model A,1997,3608
"(4, 91)",2022,01,BUKIT PANJANG,449,102,Model A,1997,3608
"(4, 92)",2022,01,BUKIT PANJANG,449,102,Model A,1997,3608
"(4, 93)",2022,01,BUKIT PANJANG,449,102,Model A,1997,3608
"(4, 94)",2022,01,BUKIT PANJANG,449,102,Model A,1997,3608
"(4, 95)",2022,01,BUKIT PANJANG,449,102,Model A,1997,3608
"(4, 96)",2022,01,BUKIT PANJANG,449,102,Model A,1997,3608
"(4, 97)",2022,01,BUKIT PANJANG,449,102,Model A,1997,3608
"(4, 98)",2022,01,BUKIT PANJANG,449,102,Model A,1997,3608
"(4, 99)",2022,01,BUKIT PANJANG,449,102,Model A,1997,3608
"(4, 100)",2022,01,BUKIT PANJANG,449,102,Model A,1997,3608
"(4, 101)",2022,01,BUKIT PANJANG,449,102,Model A,1997,3608
"(4, 102)",2022,01,BUKIT PANJANG,449,102,Model A,1997,3608
"(4, 103)",2022,01,CHOA CHU KANG,12,119,Improved,1979,3782
"(4, 104)",2022,01,CHOA CHU KANG,12,119,Improved,1979,3782
"(4, 105)",2022,01,CHOA CHU KANG,12,119,Improved,1979,3782
"(4, 106)",2022,01,CHOA CHU KANG,12,119,Improved,1979,3782
"(4, 107)",2022,01,CHOA CHU KANG,12,119,Improved,1979,3782
"(4, 108)",2022,01,CHOA CHU KANG,12,119,Improved,1979,3782
"(4, 109)",2022,01,CHOA CHU KANG,12,119,Improved,1979,3782
"(4, 110)",2022,01,CHOA CHU KANG,12,119,Improved,1979,3782
"(4, 111)",2022,01,CHOA CHU KANG,12,119,Improved,1979,3782
"(4, 112)",2022,01,CHOA CHU KANG,12,119,Improved,1979,3782
"(4, 113)",2022,01,CHOA CHU KANG,12,119,Improved,1979,3782
"(4, 114)",2022,01,CHOA CHU KANG,12,119,Improved,1979,3782
"(4, 115)",2022,01,CHOA CHU KANG,12,119,Improved,1979,3782
"(4, 116)",2022,01,CHOA CHU KANG,12,119,Improved,1979,3782
"(4, 117)",2022,01,CHOA CHU KANG,12,119,Improved,1979,3782
"(4, 118)",2022,01,CHOA CHU KANG,12,119,Improved,1979,3782
"(4, 119)",2022,01,CHOA CHU KANG,12,119,Improved,1979,3782
"(4, 120)",2022,01,BUKIT PANJANG,474,128,Premium Apartment,2003,3906
"(4, 121)",2022,01,BUKIT PANJANG,474,128,Premium Apartment,2003,3906
"(4, 122)",2022,01,BUKIT PANJANG,474,128,Premium Apartment,2003,3906
"(4, 123)",2022,01,BUKIT PANJANG,474,128,Premium Apartment,2003,3906
"(4, 124)",2022,01,BUKIT PANJANG,474,128,Premium Apartment,2003,3906
"(4, 125)",2022,01,BUKIT PANJANG,474,128,Premium Apartment,2003,3906
"(4, 126)",2022,01,BUKIT PANJANG,474,128,Premium Apartment,2003,3906
"(4, 127)",2022,01,BUKIT PANJANG,474,128,Premium Apartment,2003,3906
"(4, 128)",2022,01,BUKIT PANJANG,474,128,Premium Apartment,2003,3906
"(4, 129)",2022,02,CHOA CHU KANG,509,132,Model A,1995,4000
"(4, 130)",2022,02,CHOA CHU KANG,509,132,Model A,1995,4000
"(4, 131)",2022,02,CHOA CHU KANG,509,132,Model A,1995,4000
"(4, 132)",2022,02,CHOA CHU KANG,509,132,Model A,1995,4000
"(4, 133)",2022,01,CHOA CHU KANG,507,134,Model A,1994,4015
"(4, 134)",2022,01,CHOA CHU KANG,507,134,Model A,1994,4015
"(4, 135)",2022,04,CHOA CHU KANG,461,142,Premium Apartment,2000,4085
"(4, 136)",2022,04,CHOA CHU KANG,461,142,Premium Apartment,2000,4085
"(4, 137)",2022,04,CHOA CHU KANG,461,142,Premium Apartment,2000,4085
"(4, 138)",2022,04,CHOA CHU KANG,461,142,Premium Apartment,2000,4085
"(4, 139)",2022,04,CHOA CHU KANG,461,142,Premium Apartment,2000,4085
"(4, 140)",2022,04,CHOA CHU KANG,461,142,Premium Apartment,2000,4085
"(4, 141)",2022,04,CHOA CHU KANG,461,142,Premium Apartment,2000,4085
"(4, 142)",2022,04,CHOA CHU KANG,461,142,Premium Apartment,2000,4085
"(4, 143)",2022,01,CHOA CHU KANG,274,148,Apartment,1993,4257
"(4, 144)",2022,01,CHOA CHU KANG,274,148,Apartment,1993,4257
"(4, 145)",2022,01,CHOA CHU KANG,274,148,Apartment,1993,4257
"(4, 146)",2022,01,CHOA CHU KANG,274,148,Apartment,1993,4257
"(4, 147)",2022,01,CHOA CHU KANG,274,148,Apartment,1993,4257
"(4, 148)",2022,01,CHOA CHU KANG,274,148,Apartment,1993,4257
"(4, 149)",2022,01,CHOA CHU KANG,108,154,Maisonette,1989,4351
"(4, 150)",2022,01,CHOA CHU KANG,108,154,Maisonette,1989,4351
"(5, 80)",2022,02,CHOA CHU KANG,26,89,New Generation,1979,3539
"(5, 81)",2022,02,CHOA CHU KANG,26,89,New Generation,1979,3539
"(5, 82)",2022,02,CHOA CHU KANG,26,89,New Generation,1979,3539
"(5, 83)",2022,02,CHOA CHU KANG,26,89,New Generation,1979,3539
"(5, 84)",2022,02,CHOA CHU KANG,26,89,New Generation,1979,3539
"(5, 85)",2022,02,CHOA CHU KANG,26,89,New Generation,1979,3539
"(5, 86)",2022,02,CHOA CHU KANG,26,89,New Generation,1979,3539
"(5, 87)",2022,02,CHOA CHU KANG,26,89,New Generation,1979,3539
"(5, 88)",2022,02,CHOA CHU KANG,26,89,New Generation,1979,3539
"(5, 89)",2022,02,CHOA CHU KANG,26,89,New Generation,1979,3539
"(5, 90)",2022,01,BUKIT PANJANG,449,102,Model A,1997,3608
"(5, 91)",2022,01,BUKIT PANJANG,449,102,Model A,1997,3608
"(5, 92)",2022,01,BUKIT PANJANG,449,102,Model A,1997,3608
"(5, 93)",2022,01,BUKIT PANJANG,449,102,Model A,1997,3608
"(5, 94)",2022,01,BUKIT PANJANG,449,102,Model A,1997,3608
"(5, 95)",2022,01,BUKIT PANJANG,449,102,Model A,1997,3608
"(5, 96)",2022,01,BUKIT PANJANG,449,102,Model A,1997,3608
"(5, 97)",2022,01,BUKIT PANJANG,449,102,Model A,1997,3608
"(5, 98)",2022,01,BUKIT PANJANG,449,102,Model A,1997,3608
"(5, 99)",2022,01,BUKIT PANJANG,449,102,Model A,1997,3608
"(5, 100)",2022,01,BUKIT PANJANG,449,102,Model A,1997,3608
"(5, 101)",2022,01,BUKIT PANJANG,449,102,Model A,1997,3608
"(5, 102)",2022,01,BUKIT PANJANG,449,102,Model A,1997,3608
"(5, 103)",2022,01,CHOA CHU KANG,12,119,Improved,1979,3782
"(5, 104)",2022,01,CHOA CHU KANG,12,119,Improved,1979,3782
"(5, 105)",2022,01,CHOA CHU KANG,12,119,Improved,1979,3782
"(5, 106)",2022,01,CHOA CHU KANG,12,119,Improved,1979,3782
"(5, 107)",2022,01,CHOA CHU KANG,12,119,Improved,1979,3782
"(5, 108)",2022,01,CHOA CHU KANG,12,119,Improved,1979,3782
"(5, 109)",2022,01,CHOA CHU KANG,12,119,Improved,1979,3782
"(5, 110)",2022,01,CHOA CHU KANG,12,119,Improved,1979,3782
"(5, 111)",2022,01,CHOA CHU KANG,12,119,Improved,1979,3782
"(5, 112)",2022,01,CHOA CHU KANG,12,119,Improved,1979,3782
"(5, 113)",2022,01,CHOA CHU KANG,12,119,Improved,1979,3782
"(5, 114)",2022,01,CHOA CHU KANG,12,119,Improved,1979,3782
"(5, 115)",2022,01,CHOA CHU KANG,12,119,Improved,1979,3782
"(5, 116)",2022,01,CHOA CHU KANG,12,119,Improved,1979,3782
"(5, 117)",2022,01,CHOA CHU KANG,12,119,Improved,1979,3782
"(5, 118)",2022,01,CHOA CHU KANG,12,119,Improved,1979,3782
"(5, 119)",2022,01,CHOA CHU KANG,12,119,Improved,1979,3782
"(5, 120)",2022,01,BUKIT PANJANG,474,128,Premium Apartment,2003,3906
"(5, 121)",2022,01,BUKIT PANJANG,474,128,Premium Apartment,2003,3906
"(5, 122)",2022,01,BUKIT PANJANG,474,128,Premium Apartment,2003,3906
"(5, 123)",2022,01,BUKIT PANJANG,474,128,Premium Apartment,2003,3906
"(5, 124)",2022,01,BUKIT PANJANG,474,128,Premium Apartment,2003,3906
"(5, 125)",2022,01,BUKIT PANJANG,474,128,Premium Apartment,2003,3906
"(5, 126)",2022,01,BUKIT PANJANG,474,128,Premium Apartment,2003,3906
"(5, 127)",2022,01,BUKIT PANJANG,474,128,Premium Apartment,2003,3906
"(5, 128)",2022,01,BUKIT PANJANG,474,128,Premium Apartment,2003,3906
"(5, 129)",2022,02,CHOA CHU KANG,509,132,Model A,1995,4000
"(5, 130)",2022,02,CHOA CHU KANG,509,132,Model A,1995,4000
"(5, 131)",2022,02,CHOA CHU KANG,509,132,Model A,1995,4000
"(5, 132)",2022,02,CHOA CHU KANG,509,132,Model A,1995,4000
"(5, 133)",2022,01,CHOA CHU KANG,507,134,Model A,1994,4015
"(5, 134)",2022,01,CHOA CHU KANG,507,134,Model A,1994,4015
"(5, 135)",2022,04,CHOA CHU KANG,461,142,Premium Apartment,2000,4085
"(5, 136)",2022,04,CHOA CHU KANG,461,142,Premium Apartment,2000,4085
"(5, 137)",2022,04,CHOA CHU KANG,461,142,Premium Apartment,2000,4085
"(5, 138)",2022,04,CHOA CHU KANG,461,142,Premium Apartment,2000,4085
"(5, 139)",2022,04,CHOA CHU KANG,461,142,Premium Apartment,2000,4085
"(5, 140)",2022,04,CHOA CHU KANG,461,142,Premium Apartment,2000,4085
"(5, 141)",2022,04,CHOA CHU KANG,461,142,Premium Apartment,2000,4085
"(5, 142)",2022,04,CHOA CHU KANG,461,142,Premium Apartment,2000,4085
"(5, 143)",2022,01,CHOA CHU KANG,274,148,Apartment,1993,4257
"(5, 144)",2022,01,CHOA CHU KANG,274,148,Apartment,1993,4257
"(5, 145)",2022,01,CHOA CHU KANG,274,148,Apartment,1993,4257
"(5, 146)",2022,01,CHOA CHU KANG,274,148,Apartment,1993,4257
"(5, 147)",2022,01,CHOA CHU KANG,274,148,Apartment,1993,4257
"(5, 148)",2022,01,CHOA CHU KANG,274,148,Apartment,1993,4257
"(5, 149)",2022,01,CHOA CHU KANG,108,154,Maisonette,1989,4351
"(5, 150)",2022,01,CHOA CHU KANG,108,154,Maisonette,1989,4351
"(6, 80)",2022,02,CHOA CHU KANG,26,89,New Generation,1979,3539
"(6, 81)",2022,02,CHOA CHU KANG,26,89,New Generation,1979,3539
"(6, 82)",2022,02,CHOA CHU KANG,26,89,New Generation,1979,3539
"(6, 83)",2022,02,CHOA CHU KANG,26,89,New Generation,1979,3539
"(6, 84)",2022,02,CHOA CHU KANG,26,89,New Generation,1979,3539
"(6, 85)",2022,02,CHOA CHU KANG,26,89,New Generation,1979,3539
"(6, 86)",2022,02,CHOA CHU KANG,26,89,New Generation,1979,3539
"(6, 87)",2022,02,CHOA CHU KANG,26,89,New Generation,1979,3539
"(6, 88)",2022,02,CHOA CHU KANG,26,89,New Generation,1979,3539
"(6, 89)",2022,02,CHOA CHU KANG,26,89,New Generation,1979,3539
"(6, 90)",2022,01,BUKIT PANJANG,449,102,Model A,1997,3608
"(6, 91)",2022,01,BUKIT PANJANG,449,102,Model A,1997,3608
"(6, 92)",2022,01,BUKIT PANJANG,449,102,Model A,1997,3608
"(6, 93)",2022,01,BUKIT PANJANG,449,102,Model A,1997,3608
"(6, 94)",2022,01,BUKIT PANJANG,449,102,Model A,1997,3608
"(6, 95)",2022,01,BUKIT PANJANG,449,102,Model A,1997,3608
"(6, 96)",2022,01,BUKIT PANJANG,449,102,Model A,1997,3608
"(6, 97)",2022,01,BUKIT PANJANG,449,102,Model A,1997,3608
"(6, 98)",2022,01,BUKIT PANJANG,449,102,Model A,1997,3608
"(6, 99)",2022,01,BUKIT PANJANG,449,102,Model A,1997,3608
"(6, 100)",2022,01,BUKIT PANJANG,449,102,Model A,1997,3608
"(6, 101)",2022,01,BUKIT PANJANG,449,102,Model A,1997,3608
"(6, 102)",2022,01,BUKIT PANJANG,449,102,Model A,1997,3608
"(6, 103)",2022,06,CHOA CHU KANG,453,123,Premium Apartment,2000,3780
"(6, 104)",2022,06,CHOA CHU KANG,453,123,Premium Apartment,2000,3780
"(6, 105)",2022,06,CHOA CHU KANG,453,123,Premium Apartment,2000,3780
"(6, 106)",2022,06,CHOA CHU KANG,453,123,Premium Apartment,2000,3780
"(6, 107)",2022,06,CHOA CHU KANG,453,123,Premium Apartment,2000,3780
"(6, 108)",2022,06,CHOA CHU KANG,453,123,Premium Apartment,2000,3780
"(6, 109)",2022,06,CHOA CHU KANG,453,123,Premium Apartment,2000,3780
"(6, 110)",2022,06,CHOA CHU KANG,453,123,Premium Apartment,2000,3780
"(6, 111)",2022,06,CHOA CHU KANG,453,123,Premium Apartment,2000,3780
"(6, 112)",2022,06,CHOA CHU KANG,453,123,Premium Apartment,2000,3780
"(6, 113)",2022,06,CHOA CHU KANG,453,123,Premium Apartment,2000,3780
"(6, 114)",2022,06,CHOA CHU KANG,453,123,Premium Apartment,2000,3780
"(6, 115)",2022,06,CHOA CHU KANG,453,123,Premium Apartment,2000,3780
"(6, 116)",2022,06,CHOA CHU KANG,453,123,Premium Apartment,2000,3780
"(6, 117)",2022,06,CHOA CHU KANG,453,123,Premium Apartment,2000,3780
"(6, 118)",2022,06,CHOA CHU KANG,453,123,Premium Apartment,2000,3780
"(6, 119)",2022,06,CHOA CHU KANG,453,123,Premium Apartment,2000,3780
"(6, 120)",2022,06,CHOA CHU KANG,453,123,Premium Apartment,2000,3780
"(6, 121)",2022,06,CHOA CHU KANG,453,123,Premium Apartment,2000,3780
"(6, 122)",2022,06,CHOA CHU KANG,453,123,Premium Apartment,2000,3780
"(6, 123)",2022,06,CHOA CHU KANG,453,123,Premium Apartment,2000,3780
"(6, 124)",2022,01,BUKIT PANJANG,474,128,Premium Apartment,2003,3906
"(6, 125)",2022,01,BUKIT PANJANG,474,128,Premium Apartment,2003,3906
"(6, 126)",2022,01,BUKIT PANJANG,474,128,Premium Apartment,2003,3906
"(6, 127)",2022,01,BUKIT PANJANG,474,128,Premium Apartment,2003,3906
"(6, 128)",2022,01,BUKIT PANJANG,474,128,Premium Apartment,2003,3906
"(6, 129)",2022,02,CHOA CHU KANG,509,132,Model A,1995,4000
"(6, 130)",2022,02,CHOA CHU KANG,509,132,Model A,1995,4000
"(6, 131)",2022,02,CHOA CHU KANG,509,132,Model A,1995,4000
"(6, 132)",2022,02,CHOA CHU KANG,509,132,Model A,1995,4000
"(6, 133)",2022,01,CHOA CHU KANG,507,134,Model A,1994,4015
"(6, 134)",2022,01,CHOA CHU KANG,507,134,Model A,1994,4015
"(6, 135)",2022,04,CHOA CHU KANG,461,142,Premium Apartment,2000,4085
"(6, 136)",2022,04,CHOA CHU KANG,461,142,Premium Apartment,2000,4085
"(6, 137)",2022,04,CHOA CHU KANG,461,142,Premium Apartment,2000,4085
"(6, 138)",2022,04,CHOA CHU KANG,461,142,Premium Apartment,2000,4085
"(6, 139)",2022,04,CHOA CHU KANG,461,142,Premium Apartment,2000,4085
"(6, 140)",2022,04,CHOA CHU KANG,461,142,Premium Apartment,2000,4085
"(6, 141)",2022,04,CHOA CHU KANG,461,142,Premium Apartment,2000,4085
"(6, 142)",2022,04,CHOA CHU KANG,461,142,Premium Apartment,2000,4085
"(6, 143)",2022,01,CHOA CHU KANG,274,148,Apartment,1993,4257
"(6, 144)",2022,01,CHOA CHU KANG,274,148,Apartment,1993,4257
"(6, 145)",2022,01,CHOA CHU KANG,274,148,Apartment,1993,4257
"(6, 146)",2022,01,CHOA CHU KANG,274,148,Apartment,1993,4257
"(6, 147)",2022,01,CHOA CHU KANG,274,148,Apartment,1993,4257
"(6, 148)",2022,01,CHOA CHU KANG,274,148,Apartment,1993,4257
"(6, 149)",2022,01,CHOA CHU KANG,108,154,Maisonette,1989,4351
"(6, 150)",2022,01,CHOA CHU KANG,108,154,Maisonette,1989,4351
"(7, 80)",2022,02,CHOA CHU KANG,26,89,New Generation,1979,3539
"(7, 81)",2022,02,CHOA CHU KANG,26,89,New Generation,1979,3539
"(7, 82)",2022,02,CHOA CHU KANG,26,89,New Generation,1979,3539
"(7, 83)",2022,02,CHOA CHU KANG,26,89,New Generation,1979,3539
"(7, 84)",2022,02,CHOA CHU KANG,26,89,New Generation,1979,3539
"(7, 85)",2022,02,CHOA CHU KANG,26,89,New Generation,1979,3539
"(7, 86)",2022,02,CHOA CHU KANG,26,89,New Generation,1979,3539
"(7, 87)",2022,02,CHOA CHU KANG,26,89,New Generation,1979,3539
"(7, 88)",2022,02,CHOA CHU KANG,26,89,New Generation,1979,3539
"(7, 89)",2022,02,CHOA CHU KANG,26,89,New Generation,1979,3539
"(7, 90)",2022,01,BUKIT PANJANG,449,102,Model A,1997,3608
"(7, 91)",2022,01,BUKIT PANJANG,449,102,Model A,1997,3608
"(7, 92)",2022,01,BUKIT PANJANG,449,102,Model A,1997,3608
"(7, 93)",2022,01,BUKIT PANJANG,449,102,Model A,1997,3608
"(7, 94)",2022,01,BUKIT PANJANG,449,102,Model A,1997,3608
"(7, 95)",2022,01,BUKIT PANJANG,449,102,Model A,1997,3608
"(7, 96)",2022,01,BUKIT PANJANG,449,102,Model A,1997,3608
"(7, 97)",2022,01,BUKIT PANJANG,449,102,Model A,1997,3608
"(7, 98)",2022,01,BUKIT PANJANG,449,102,Model A,1997,3608
"(7, 99)",2022,01,BUKIT PANJANG,449,102,Model A,1997,3608
"(7, 100)",2022,01,BUKIT PANJANG,449,102,Model A,1997,3608
"(7, 101)",2022,01,BUKIT PANJANG,449,102,Model A,1997,3608
"(7, 102)",2022,01,BUKIT PANJANG,449,102,Model A,1997,3608
"(7, 103)",2022,06,CHOA CHU KANG,453,123,Premium Apartment,2000,3780
"(7, 104)",2022,06,CHOA CHU KANG,453,123,Premium Apartment,2000,3780
"(7, 105)",2022,06,CHOA CHU KANG,453,123,Premium Apartment,2000,3780
"(7, 106)",2022,06,CHOA CHU KANG,453,123,Premium Apartment,2000,3780
"(7, 107)",2022,06,CHOA CHU KANG,453,123,Premium Apartment,2000,3780
"(7, 108)",2022,06,CHOA CHU KANG,453,123,Premium Apartment,2000,3780
"(7, 109)",2022,06,CHOA CHU KANG,453,123,Premium Apartment,2000,3780
"(7, 110)",2022,06,CHOA CHU KANG,453,123,Premium Apartment,2000,3780
"(7, 111)",2022,06,CHOA CHU KANG,453,123,Premium Apartment,2000,3780
"(7, 112)",2022,06,CHOA CHU KANG,453,123,Premium Apartment,2000,3780
"(7, 113)",2022,06,CHOA CHU KANG,453,123,Premium Apartment,2000,3780
"(7, 114)",2022,06,CHOA CHU KANG,453,123,Premium Apartment,2000,3780
"(7, 115)",2022,06,CHOA CHU KANG,453,123,Premium Apartment,2000,3780
"(7, 116)",2022,06,CHOA CHU KANG,453,123,Premium Apartment,2000,3780
"(7, 117)",2022,06,CHOA CHU KANG,453,123,Premium Apartment,2000,3780
"(7, 118)",2022,06,CHOA CHU KANG,453,123,Premium Apartment,2000,3780
"(7, 119)",2022,06,CHOA CHU KANG,453,123,Premium Apartment,2000,3780
"(7, 120)",2022,06,CHOA CHU KANG,453,123,Premium Apartment,2000,3780
"(7, 121)",2022,06,CHOA CHU KANG,453,123,Premium Apartment,2000,3780
"(7, 122)",2022,06,CHOA CHU KANG,453,123,Premium Apartment,2000,3780
"(7, 123)",2022,06,CHOA CHU KANG,453,123,Premium Apartment,2000,3780
"(7, 124)",2022,01,BUKIT PANJANG,474,128,Premium Apartment,2003,3906
"(7, 125)",2022,01,BUKIT PANJANG,474,128,Premium Apartment,2003,3906
"(7, 126)",2022,01,BUKIT PANJANG,474,128,Premium Apartment,2003,3906
"(7, 127)",2022,01,BUKIT PANJANG,474,128,Premium Apartment,2003,3906
"(7, 128)",2022,01,BUKIT PANJANG,474,128,Premium Apartment,2003,3906
"(7, 129)",2022,02,CHOA CHU KANG,509,132,Model A,1995,4000
"(7, 130)",2022,02,CHOA CHU KANG,509,132,Model A,1995,4000
"(7, 131)",2022,02,CHOA CHU KANG,509,132,Model A,1995,4000
"(7, 132)",2022,02,CHOA CHU KANG,509,132,Model A,1995,4000
"(7, 133)",2022,01,CHOA CHU KANG,507,134,Model A,1994,4015
"(7, 134)",2022,01,CHOA CHU KANG,507,134,Model A,1994,4015
"(7, 135)",2022,04,CHOA CHU KANG,461,142,Premium Apartment,2000,4085
"(7, 136)",2022,04,CHOA CHU KANG,461,142,Premium Apartment,2000,4085
"(7, 137)",2022,04,CHOA CHU KANG,461,142,Premium Apartment,2000,4085
"(7, 138)",2022,04,CHOA CHU KANG,461,142,Premium Apartment,2000,4085
"(7, 139)",2022,04,CHOA CHU KANG,461,142,Premium Apartment,2000,4085
"(7, 140)",2022,04,CHOA CHU KANG,461,142,Premium Apartment,2000,4085
"(7, 141)",2022,04,CHOA CHU KANG,461,142,Premium Apartment,2000,4085
"(7, 142)",2022,04,CHOA CHU KANG,461,142,Premium Apartment,2000,4085
"(7, 143)",2022,01,CHOA CHU KANG,274,148,Apartment,1993,4257
"(7, 144)",2022,01,CHOA CHU KANG,274,148,Apartment,1993,4257
"(7, 145)",2022,01,CHOA CHU KANG,274,148,Apartment,1993,4257
"(7, 146)",2022,01,CHOA CHU KANG,274,148,Apartment,1993,4257
"(7, 147)",2022,01,CHOA CHU KANG,274,148,Apartment,1993,4257
"(7, 148)",2022,01,CHOA CHU KANG,274,148,Apartment,1993,4257
"(7, 149)",2022,01,CHOA CHU KANG,108,154,Maisonette,1989,4351
"(7, 150)",2022,01,CHOA CHU KANG,108,154,Maisonette,1989,4351
"(8, 80)",2022,02,CHOA CHU KANG,26,89,New Generation,1979,3539
"(8, 81)",2022,02,CHOA CHU KANG,26,89,New Generation,1979,3539
"(8, 82)",2022,02,CHOA CHU KANG,26,89,New Generation,1979,3539
"(8, 83)",2022,02,CHOA CHU KANG,26,89,New Generation,1979,3539
"(8, 84)",2022,02,CHOA CHU KANG,26,89,New Generation,1979,3539
"(8, 85)",2022,02,CHOA CHU KANG,26,89,New Generation,1979,3539
"(8, 86)",2022,02,CHOA CHU KANG,26,89,New Generation,1979,3539
"(8, 87)",2022,02,CHOA CHU KANG,26,89,New Generation,1979,3539
"(8, 88)",2022,02,CHOA CHU KANG,26,89,New Generation,1979,3539
"(8, 89)",2022,02,CHOA CHU KANG,26,89,New Generation,1979,3539
"(8, 90)",2022,01,BUKIT PANJANG,449,102,Model A,1997,3608
"(8, 91)",2022,01,BUKIT PANJANG,449,102,Model A,1997,3608
"(8, 92)",2022,01,BUKIT PANJANG,449,102,Model A,1997,3608
"(8, 93)",2022,01,BUKIT PANJANG,449,102,Model A,1997,3608
"(8, 94)",2022,01,BUKIT PANJANG,449,102,Model A,1997,3608
"(8, 95)",2022,01,BUKIT PANJANG,449,102,Model A,1997,3608
"(8, 96)",2022,01,BUKIT PANJANG,449,102,Model A,1997,3608
"(8, 97)",2022,01,BUKIT PANJANG,449,102,Model A,1997,3608
"(8, 98)",2022,01,BUKIT PANJANG,449,102,Model A,1997,3608
"(8, 99)",2022,01,BUKIT PANJANG,449,102,Model A,1997,3608
"(8, 100)",2022,01,BUKIT PANJANG,449,102,Model A,1997,3608
"(8, 101)",2022,01,BUKIT PANJANG,449,102,Model A,1997,3608
"(8, 102)",2022,01,BUKIT PANJANG,449,102,Model A,1997,3608
"(8, 103)",2022,06,CHOA CHU KANG,453,123,Premium Apartment,2000,3780
"(8, 104)",2022,06,CHOA CHU KANG,453,123,Premium Apartment,2000,3780
"(8, 105)",2022,06,CHOA CHU KANG,453,123,Premium Apartment,2000,3780
"(8, 106)",2022,06,CHOA CHU KANG,453,123,Premium Apartment,2000,3780
"(8, 107)",2022,06,CHOA CHU KANG,453,123,Premium Apartment,2000,3780
"(8, 108)",2022,06,CHOA CHU KANG,453,123,Premium Apartment,2000,3780
"(8, 109)",2022,06,CHOA CHU KANG,453,123,Premium Apartment,2000,3780
"(8, 110)",2022,06,CHOA CHU KANG,453,123,Premium Apartment,2000,3780
"(8, 111)",2022,06,CHOA CHU KANG,453,123,Premium Apartment,2000,3780
"(8, 112)",2022,06,CHOA CHU KANG,453,123,Premium Apartment,2000,3780
"(8, 113)",2022,06,CHOA CHU KANG,453,123,Premium Apartment,2000,3780
"(8, 114)",2022,06,CHOA CHU KANG,453,123,Premium Apartment,2000,3780
"(8, 115)",2022,06,CHOA CHU KANG,453,123,Premium Apartment,2000,3780
"(8, 116)",2022,06,CHOA CHU KANG,453,123,Premium Apartment,2000,3780
"(8, 117)",2022,06,CHOA CHU KANG,453,123,Premium Apartment,2000,3780
"(8, 118)",2022,06,CHOA CHU KANG,453,123,Premium Apartment,2000,3780
"(8, 119)",2022,06,CHOA CHU KANG,453,123,Premium Apartment,2000,3780
"(8, 120)",2022,06,CHOA CHU KANG,453,123,Premium Apartment,2000,3780
"(8, 121)",2022,06,CHOA CHU KANG,453,123,Premium Apartment,2000,3780
"(8, 122)",2022,06,CHOA CHU KANG,453,123,Premium Apartment,2000,3780
"(8, 123)",2022,06,CHOA CHU KANG,453,123,Premium Apartment,2000,3780
"(8, 124)",2022,01,BUKIT PANJANG,474,128,Premium Apartment,2003,3906
"(8, 125)",2022,01,BUKIT PANJANG,474,128,Premium Apartment,2003,3906
"(8, 126)",2022,01,BUKIT PANJANG,474,128,Premium Apartment,2003,3906
"(8, 127)",2022,01,BUKIT PANJANG,474,128,Premium Apartment,2003,3906
"(8, 128)",2022,01,BUKIT PANJANG,474,128,Premium Apartment,2003,3906
"(8, 129)",2022,02,CHOA CHU KANG,509,132,Model A,1995,4000
"(8, 130)",2022,02,CHOA CHU KANG,509,132,Model A,1995,4000
"(8, 131)",2022,02,CHOA CHU KANG,509,132,Model A,1995,4000
"(8, 132)",2022,02,CHOA CHU KANG,509,132,Model A,1995,4000
"(8, 133)",2022,01,CHOA CHU KANG,507,134,Model A,1994,4015
"(8, 134)",2022,01,CHOA CHU KANG,507,134,Model A,1994,4015
"(8, 135)",2022,04,CHOA CHU KANG,461,142,Premium Apartment,2000,4085
"(8, 136)",2022,04,CHOA CHU KANG,461,142,Premium Apartment,2000,4085
"(8, 137)",2022,04,CHOA CHU KANG,461,142,Premium Apartment,2000,4085
"(8, 138)",2022,04,CHOA CHU KANG,461,142,Premium Apartment,2000,4085
"(8, 139)",2022,04,CHOA CHU KANG,461,142,Premium Apartment,2000,4085
"(8, 140)",2022,04,CHOA CHU KANG,461,142,Premium Apartment,2000,4085
"(8, 141)",2022,04,CHOA CHU KANG,461,142,Premium Apartment,2000,4085
"(8, 142)",2022,04,CHOA CHU KANG,461,142,Premium Apartment,2000,4085
"(8, 143)",2022,01,CHOA CHU KANG,274,148,Apartment,1993,4257
"(8, 144)",2022,01,CHOA CHU KANG,274,148,Apartment,1993,4257
"(8, 145)",2022,01,CHOA CHU KANG,274,148,Apartment,1993,4257
"(8, 146)",2022,01,CHOA CHU KANG,274,148,Apartment,1993,4257
"(8, 147)",2022,01,CHOA CHU KANG,274,148,Apartment,1993,4257
"(8, 148)",2022,01,CHOA CHU KANG,274,148,Apartment,1993,4257
"(8, 149)",2022,01,CHOA CHU KANG,108,154,Maisonette,1989,4351
"(8, 150)",2022,01,CHOA CHU KANG,108,154,Maisonette,1989,4351
